{"tile00": {"x": 0, "y": 0, "w": 66, "h": 48}, "tile01": {"x": 66, "y": 0, "w": 66, "h": 48}, "tile02": {"x": 132, "y": 0, "w": 66, "h": 48}, "tile03": {"x": 198, "y": 0, "w": 66, "h": 48}, "tile04": {"x": 264, "y": 0, "w": 66, "h": 48}, "tile05": {"x": 330, "y": 0, "w": 66, "h": 48}, "tile06": {"x": 396, "y": 0, "w": 66, "h": 48}, "tile07": {"x": 462, "y": 0, "w": 66, "h": 48}, "tile08": {"x": 528, "y": 0, "w": 66, "h": 48}, "tile09": {"x": 594, "y": 0, "w": 66, "h": 48}, "tile010": {"x": 660, "y": 0, "w": 66, "h": 48}, "tile011": {"x": 726, "y": 0, "w": 66, "h": 48}}